congress;chamber;icpsr;state_icpsr;district_code;state_abbrev;party_code;occupancy;last_means;bioname;bioguide_id;born;died;nominate_dim1;nominate_dim2;nominate_log_likelihood;nominate_geo_mean_probability;nominate_number_of_votes;nominate_number_of_errors;conditional;nokken_poole_dim1;nokken_poole_dim2
116;House;21522;45;5;LA;200;;;Abraham, Ralph;A000374;1954;;0.541;0.257;-62.96669;0.87964;491;29;;0.607;0.154
116;House;21545;47;12;NC;100;;;Adams, Alma;A000370;1946;;-0.466;0.015;-14.83709;0.98092;770;5;;-0.429;-0.068
116;House;29701;41;4;AL;200;;;Aderholt, Robert;A000055;1965;;0.369;0.59;-119.35046;0.85288;750;43;;0.453;0.48
116;House;21506;71;31;CA;100;;;Aguilar, Pete;A000371;1979;;-0.291;0.136;-48.9478;0.9397;787;19;;-0.445;0.398
116;Senate;40304;54;0;TN;200;;;Alexander, Lamar;A000360;1940;;0.324;-0.177;-27.87682;0.94502;493;9;;0.32;-0.092
116;House;21516;44;12;GA;200;;;Allen, Rick;A000372;1951;;0.678;0.292;-90.90211;0.8917;793;38;;0.755;0.356
116;House;21900;49;32;TX;100;;;Allred, Colin;A000376;1983;;-0.45;0.616;-39.84046;0.94995;776;17;;-0.45;0.616
116;House;21143;23;3;MI;200;;;Amash, Justin;A000367;1980;;0.654;-0.757;-172.05329;0.62734;369;65;;0.919;-0.395
116;House;21196;65;2;NV;200;;;Angus King;A000369;1958;;0.383;0.197;-117.8472;0.85775;768;57;;0.398;0.225
116;House;21901;36;1;ND;200;;;Armstrong, Kelly;A000377;1976;;0.462;0.05;-127.84816;0.84665;768;59;;0.462;0.049
116;House;21700;49;19;TX;200;;;Arrington, Jodey;A000375;1972;;0.63;-0.036;-122.07914;0.85443;776;64;;0.653;-0.096
116;House;21902;31;3;IA;100;;;Axne, Cynthia;A000378;1965;;-0.237;0.564;-78.2102;0.90471;781;33;;-0.237;0.564
116;House;21551;49;36;TX;200;;;Babin, Brian;B001291;1948;;0.701;0.122;-107.30163;0.86768;756;48;;0.706;0.089
116;House;21701;35;2;NE;200;;;Bacon, Don;B001298;1963;;0.398;-0.098;-183.59244;0.79356;794;93;;0.39;-0.126
116;House;21903;22;4;IN;200;;;Baird, James;B001307;1945;;0.428;0.649;-78.02034;0.90607;791;37;;0.428;0.649
116;House;21759;24;12;OH;200;;;Balderson, Troy;B001306;1962;;0.418;0.476;-77.95119;0.90638;793;33;;0.419;0.475
116;Senate;29940;25;0;WI;100;;;Baldwin, Tammy;B001230;1962;;-0.493;-0.14;-131.89076;0.8067;614;65;;-0.395;-0.002
116;House;21702;22;3;IN;200;;;Banks, Jim;B001299;1979;;0.635;0.0;-107.43236;0.8727;789;51;;0.63;0.032
116;House;21333;51;6;KY;200;;;Barr, Andy;B001282;1973;;0.492;0.297;-101.02086;0.87823;778;44;;0.499;0.266
116;House;21703;71;44;CA;100;;;Barragan, Nanette;B001300;1976;;-0.513;0.046;-21.66833;0.97264;781;11;;-0.48;-0.514
116;Senate;40707;68;0;WY;200;;;Barrasso, John;B001261;1952;;0.541;0.246;-29.51261;0.95322;616;17;;0.607;0.311
116;House;21110;71;37;CA;100;;;Bass, Karen;B001270;1953;;-0.585;-0.106;-16.0441;0.97886;751;8;;-0.574;-0.403
116;House;21352;24;3;OH;100;;;Beatty, Joyce;B001281;1950;;-0.43;0.06;-15.58757;0.97967;759;4;;-0.475;-0.103
116;Senate;40910;62;0;CO;100;;;Bennet, Michael;B001267;1964;;-0.225;-0.182;-105.60048;0.80995;501;50;;-0.299;-0.142
116;House;21304;71;7;CA;100;;;Bera, Ami;B001287;1965;;-0.232;0.014;-29.36665;0.96364;793;11;;-0.363;0.301
116;House;21704;23;1;MI;200;;;Bergman, Jack;B001301;1947;;0.429;0.07;-124.02003;0.85247;777;57;;0.427;0.103
116;House;21554;40;8;VA;100;;;Beyer, Don;B001292;1950;;-0.385;-0.041;-18.46487;0.97649;776;7;;-0.341;-0.219
116;House;21705;61;5;AZ;200;;;Biggs, Andy;B001302;1958;;0.882;-0.471;-93.73757;0.88649;778;30;;1.0;-0.03
116;House;20758;43;12;FL;200;;;Bilirakis, Gus M.;B001257;1963;;0.405;0.019;-122.56389;0.85232;767;55;;0.412;-0.014
116;House;21986;47;9;NC;200;;;Bishop, Dan;B001311;1964;;0.861;0.152;-20.49011;0.93461;303;11;;0.86;0.152
116;House;20357;67;1;UT;200;;;Bishop, Rob;B001250;1951;;0.536;0.104;-137.6383;0.83193;748;63;;0.572;0.026
116;House;29339;44;2;GA;100;;;Bishop Jr., Sanford D.;B000490;1947;;-0.282;0.463;-58.25076;0.92777;777;30;;-0.337;0.279
116;Senate;20351;54;0;TN;200;;;Blackburn, Marsha;B001243;1952;;0.619;0.129;-41.75207;0.93353;607;17;;0.695;0.153
116;House;29588;72;3;OR;100;;;Blumenauer, Earl;B000574;1948;;-0.427;-0.669;-24.15433;0.96962;783;9;;-0.463;-0.801
116;Senate;41101;1;0;CT;100;;;Blumenthal, Richard;B001277;1946;;-0.434;-0.163;-100.05868;0.84872;610;43;;-0.447;-0.184
116;House;21706;11;1;DE;100;;;Blunt Rochester, Lisa;B001303;1962;;-0.332;-0.116;-15.44574;0.98066;791;3;;-0.398;-0.113
116;Senate;29735;34;0;MO;200;;;Blunt, Roy;B000575;1950;;0.426;0.275;-32.11124;0.94856;608;12;;0.342;0.151
116;House;21198;72;1;OR;100;;;Bonamici, Suzanne;B001278;1954;;-0.394;-0.397;-14.84522;0.98145;793;4;;-0.475;-0.345
116;Senate;41308;12;0;NJ;100;;;Booker, Cory;B001288;1969;;-0.599;-0.242;-38.7019;0.89671;355;19;;-0.564;-0.375
116;Senate;20101;42;0;AR;200;;;Boozman, John;B001236;1950;;0.4;0.246;-26.64311;0.95767;616;10;;0.351;0.249
116;House;21519;21;12;IL;200;;;Bost, Mike;B001295;1960;;0.272;0.5;-86.03804;0.88587;710;32;;0.298;0.454
116;House;21548;14;2;PA;100;;;Boyle, Brendan;B001296;1977;;-0.397;0.132;-31.35103;0.9609;786;13;;-0.386;-0.172
116;House;29760;49;8;TX;200;;;Brady, Kevin;B000755;1955;;0.524;0.218;-110.22219;0.86366;752;49;;0.581;0.265
116;Senate;41900;22;0;IN;200;;;Braun, Mike;B001310;1954;;0.8;0.6;-51.53396;0.91912;611;24;;0.816;0.359
116;House;21904;13;22;NY;100;;;Brindisi, Anthony;B001308;1978;;-0.152;0.564;-135.43423;0.84245;790;45;;-0.152;0.564
116;House;21193;41;5;AL;200;;;Brooks, Mo;B001274;1954;;0.649;-0.449;-133.14558;0.84454;788;49;;0.78;-0.381
116;House;21331;22;5;IN;200;;;Brooks, Susan W.;B001284;1960;;0.353;0.215;-132.67722;0.84153;769;63;;0.325;0.177
116;House;21707;52;4;MD;100;;;Brown, Anthony;B001304;1961;;-0.335;-0.133;-35.52884;0.95569;784;15;;-0.304;-0.076
116;Senate;29389;24;0;OH;100;;;Brown, Sherrod;B000944;1952;;-0.429;-0.112;-126.71171;0.81104;605;55;;-0.38;-0.107
116;House;21308;71;26;CA;100;;;Brownley, Julia;B001285;1952;;-0.286;0.052;-30.11106;0.96218;781;12;;-0.368;0.213
116;House;20709;43;16;FL;200;;;Buchanan, Vern;B001260;1951;;0.359;-0.134;-140.85655;0.83143;763;60;;0.345;-0.011
116;House;21510;62;4;CO;200;;;Buck, Ken;B001297;1959;;0.754;-0.464;-109.03791;0.85461;694;45;;0.74;-0.404
116;House;21132;22;8;IN;200;;;Bucshon, Larry;B001275;1962;;0.405;0.257;-90.40824;0.88935;771;38;;0.443;0.322
116;House;21708;47;13;NC;200;;;Budd, Ted;B001305;1971;;0.667;-0.108;-109.30693;0.86986;784;45;;0.658;-0.103
116;House;21905;54;2;TN;200;;;Burchett, Tim;B001309;1964;;0.678;-0.296;-138.27237;0.83793;782;56;;0.678;-0.297
116;House;20355;49;26;TX;200;;;Burgess, Michael;B001248;1950;;0.576;-0.212;-145.00485;0.82956;776;71;;0.617;-0.128
116;Senate;29548;47;0;NC;200;;;Burr, Richard;B001135;1955;;0.45;-0.054;-25.65645;0.95368;541;5;;0.342;0.184
116;House;21329;21;17;IL;100;;;Bustos, Cheri;B001286;1961;;-0.238;0.037;-24.08373;0.97009;793;7;;-0.318;0.215
116;House;20340;47;1;NC;100;;;Butterfield, G.K.;B001251;1947;;-0.404;0.182;-21.28122;0.97325;785;8;;-0.422;0.097
116;House;21376;41;1;AL;200;;;Byrne, Bradley;B001289;1955;;0.611;0.246;-102.12272;0.86112;683;40;;0.709;0.175
116;House;21309;71;29;CA;100;;;CÁRDENAS, Tony;C001097;1963;;-0.382;0.02;-29.69876;0.96153;757;15;;-0.451;0.038
116;House;29323;71;42;CA;200;;;Calvert, Ken;C000059;1953;;0.349;0.22;-81.25789;0.90166;785;25;;0.32;0.524
116;Senate;39310;73;0;WA;100;;;Cantwell, Maria;C000127;1958;;-0.303;-0.424;-103.86369;0.84297;608;41;;-0.355;-0.378
116;Senate;20146;56;0;WV;200;;;CAPITO, Shelley Moore;C001047;1953;;0.263;0.059;-27.35351;0.95386;579;4;;0.324;0.18
116;House;21709;71;24;CA;100;;;Carbajal, Salud;C001112;1964;;-0.301;0.143;-18.30439;0.97721;794;4;;-0.357;0.073
116;Senate;15408;52;0;MD;100;;;Cardin, Benjamin;C000141;1943;;-0.321;-0.221;-94.68016;0.85513;605;34;;-0.285;-0.088
116;Senate;15015;11;0;DE;100;;;Carper, Tom;C000174;1947;;-0.175;-0.222;-97.74843;0.85238;612;26;;-0.187;-0.223
116;House;20757;22;7;IN;100;;;Carson, André;C001072;1974;;-0.431;0.06;-39.91238;0.95067;789;12;;-0.553;0.293
116;House;21513;44;1;GA;200;;;Carter, Buddy;C001103;1957;;0.585;0.251;-92.75056;0.88909;789;35;;0.602;0.16
116;House;20356;49;31;TX;200;;;Carter, John;C001051;1941;;0.471;0.605;-134.56303;0.83081;726;59;;0.514;0.649
116;House;21358;14;8;PA;100;;;Cartwright, Matt;C001090;1961;;-0.366;-0.044;-25.49889;0.96722;765;6;;-0.303;-0.028
116;House;20322;82;1;HI;100;;;Case, Ed;C001055;1952;;-0.201;-0.124;-47.21179;0.94206;791;15;;-0.211;0.043
116;Senate;40703;14;0;PA;100;;;Casey, Bob Jr.;C001070;1960;;-0.313;0.189;-96.28966;0.85529;616;47;;-0.335;0.203
116;Senate;20919;45;0;LA;200;;;Cassidy, Bill;C001075;1957;;0.456;-0.098;-48.91423;0.91872;577;25;;0.509;-0.076
116;House;21906;21;6;IL;100;;;Casten, Sean;C001117;1971;;-0.402;0.252;-29.3279;0.96369;793;9;;-0.402;0.252
116;House;20708;43;14;FL;100;;;Castor, Kathy;C001066;1966;;-0.438;0.045;-16.35518;0.97954;791;5;;-0.416;-0.073
116;House;21362;49;20;TX;100;;;Castro, Joaquin;C001091;1974;;-0.399;-0.02;-32.35141;0.95859;765;13;;-0.611;-0.163
116;House;29550;24;1;OH;200;;;Chabot, Steve;C000266;1953;;0.572;-0.208;-106.6347;0.87433;794;39;;0.499;0.218
116;House;21710;68;1;WY;200;;;Cheney, Liz;C001109;1966;;0.517;0.456;-113.23984;0.86123;758;52;;0.517;0.466
116;House;20955;71;27;CA;100;;;Chu, Judy;C001080;1953;;-0.487;-0.378;-14.14058;0.9823;792;5;;-0.426;-0.435
116;House;21172;5;1;RI;100;;;Cicilline, David;C001084;1961;;-0.391;-0.28;-22.92956;0.97128;787;8;;-0.426;-0.148
116;House;21907;71;39;CA;100;;;Cisneros, Gilbert Ray Jr.;C001123;1972;;-0.376;0.576;-48.14338;0.94102;792;16;;-0.376;0.576
116;House;21375;3;5;MA;100;;;Clark, Katherine;C001101;1963;;-0.484;-0.375;-15.43356;0.98053;785;5;;-0.422;-0.285
116;House;20733;13;9;NY;100;;;Clarke, Yvette D.;C001067;1964;;-0.614;-0.206;-27.61301;0.96556;788;11;;-0.53;-0.546
116;House;20147;34;1;MO;100;;;CLAY, William Lacy, Jr.;C001049;1956;;-0.481;-0.079;-18.72191;0.97579;764;8;;-0.592;0.04
116;House;20517;34;5;MO;100;;;Cleaver, Emanuel;C001061;1944;;-0.453;0.014;-35.70569;0.95399;758;13;;-0.455;-0.001
116;House;21908;40;6;VA;200;;;Cline, Ben;C001118;1972;;0.711;-0.203;-113.94739;0.86631;794;49;;0.711;-0.203
116;House;21758;49;27;TX;200;;;Cloud, Michael;C001115;1975;;0.651;-0.241;-139.39444;0.8373;785;58;;0.652;-0.263
116;House;39301;48;6;SC;100;;;Clyburn, James E.;C000537;1940;;-0.464;0.255;-26.34817;0.96372;713;9;;-0.385;0.078
116;House;20748;54;9;TN;100;;;Cohen, Steve;C001068;1949;;-0.4;-0.353;-25.71417;0.96749;778;10;;-0.403;-0.271
116;House;20344;53;4;OK;200;;;Cole, Tom;C001053;1949;;0.331;0.361;-117.86962;0.86172;792;44;;0.302;0.405
116;House;21345;13;27;NY;200;;;COLLINS, Chris;C001092;1950;;0.357;0.236;-61.83374;0.87498;463;22;;0.328;0.316
116;House;21323;44;9;GA;200;;;Collins, Doug;C001093;1966;;0.611;0.129;-81.0418;0.896;738;31;;0.595;0.292
116;Senate;49703;2;0;ME;200;;;Collins, Susan;C001035;1952;;0.113;-0.539;-54.36787;0.91552;616;15;;0.133;-0.409
116;House;21565;51;1;KY;200;;;Comer, James;C001108;1972;;0.635;-0.006;-116.55965;0.86234;787;55;;0.646;0.017
116;House;20531;49;11;TX;200;;;Conaway, K. Michael;C001062;1948;;0.591;0.372;-76.36755;0.90752;787;33;;0.604;0.594
116;House;20952;40;11;VA;100;;;Connolly, Gerald E. “Gerry”;C001078;1950;;-0.306;-0.014;-51.18187;0.93711;788;25;;-0.242;-0.088
116;House;21305;71;8;CA;200;;;Cook, Paul;C001094;1943;;0.372;0.208;-106.11369;0.87064;766;43;;0.321;0.373
116;Senate;40916;11;0;DE;100;;;Coons, Chris;C001088;1963;;-0.227;-0.215;-70.64271;0.88769;593;25;;-0.202;-0.246
116;House;15019;54;5;TN;100;;;Cooper, Jim;C000754;1954;;-0.163;-0.032;-91.23009;0.88989;782;23;;-0.262;0.247
116;Senate;40305;49;0;TX;200;;;Cornyn, John;C001056;1952;;0.492;-0.01;-37.42934;0.94039;609;17;;0.443;0.082
116;House;21711;71;46;CA;100;;;Correa, Lou;C001110;1958;;-0.281;0.306;-59.16582;0.92704;781;27;;-0.338;0.171
116;Senate;41700;65;0;NV;100;;;Cortez Mastro, Catherine;C001113;1964;;-0.37;0.354;-60.02195;0.90658;612;27;;-0.35;0.354
116;House;20501;71;16;CA;100;;;Costa, Jim;C001059;1952;;-0.192;0.464;-97.86974;0.88278;785;36;;-0.373;0.757
116;Senate;21301;42;0;AR;200;;;Cotton, Tom;C001095;1977;;0.571;0.086;-58.2682;0.90918;612;25;;0.442;0.045
116;House;20706;1;2;CT;100;;;Courtney, Joe;C001069;1953;;-0.344;0.017;-21.43307;0.97333;793;6;;-0.359;0.007
116;House;21909;71;21;CA;100;;;Cox, TJ;C001124;1963;;-0.343;0.477;-48.36119;0.94018;784;14;;-0.343;0.477
116;House;21910;33;2;MN;100;;;Craig, Angie;C001119;1972;;-0.31;0.705;-76.52077;0.90812;794;25;;-0.31;0.705
116;Senate;21350;36;0;ND;200;;;Cramer, Kevin;C001096;1961;;0.388;0.287;-21.66118;0.96448;599;8;;0.372;0.249
116;Senate;29345;63;0;ID;200;;;Crapo, Mike;C000880;1951;;0.511;0.294;-32.57634;0.94816;612;17;;0.492;0.657
116;House;21106;42;1;AR;200;;;Crawford, Rick;C001087;1966;;0.414;0.494;-84.188;0.89108;730;36;;0.511;0.532
116;House;21911;49;2;TX;200;;;Crenshaw, Dan;C001120;1984;;0.398;0.359;-84.79304;0.89724;782;35;;0.397;0.358
116;House;21712;43;13;FL;100;;;Crist, Charlie;C001111;1956;;-0.222;0.043;-33.96209;0.95802;792;15;;-0.288;0.279
116;House;21912;62;6;CO;100;;;Crow, Jason;C001121;1979;;-0.271;0.405;-45.97556;0.94367;793;15;;-0.271;0.405
116;Senate;41304;49;0;TX;200;;;Cruz, Ted;C001098;1970;;0.822;-0.275;-42.12649;0.93098;589;19;;0.851;-0.1
116;House;20533;49;28;TX;100;;;Cuellar, Henry;C001063;1955;;-0.228;0.62;-136.01477;0.84202;791;65;;-0.358;0.892
116;House;29587;52;7;MD;100;;;CUMMINGS, Elijah Eugene;C000984;1951;;-0.438;-0.148;-14.38346;0.96718;431;7;;-0.385;-0.096
116;House;21913;48;1;SC;100;;;Cunningham, Joe;C001122;1982;;-0.13;0.489;-140.6864;0.83554;783;53;;-0.13;0.489
116;House;21755;67;3;UT;200;;;Curtis, John R.;C001114;1960;;0.542;0.041;-92.36465;0.88176;734;40;;0.539;0.07
116;Senate;21338;64;0;MT;200;;;Daines, Steve;D000618;1962;;0.552;-0.127;-61.99766;0.9026;605;35;;0.585;-0.233
116;House;21914;32;3;KS;100;;;Davids, Sharice;D000629;1980;;-0.248;0.201;-57.48294;0.92982;790;24;;-0.248;0.201
116;House;21564;24;8;OH;200;;;Davidson, Warren;D000626;1970;;0.704;-0.362;-169.51189;0.80512;782;83;;0.675;-0.423
116;House;29717;21;7;IL;100;;;Davis, Danny K.;D000096;1941;;-0.486;-0.263;-15.16792;0.98057;773;3;;-0.48;-0.339
116;House;21328;21;13;IL;200;;;Davis, Rodney;D000619;1970;;0.275;0.175;-125.25657;0.85023;772;46;;0.237;0.338
116;House;20108;71;53;CA;100;;;Davis, Susan;D000598;1944;;-0.343;-0.103;-15.42959;0.98051;784;4;;-0.34;-0.011
116;House;21915;14;4;PA;100;;;Dean, Madeleine;D000631;1959;;-0.517;0.072;-12.50053;0.98432;791;5;;-0.517;0.072
116;House;15410;72;4;OR;100;;;DeFazio, Peter;D000191;1947;;-0.428;0.005;-58.5198;0.92617;763;18;;-0.307;-0.355
116;House;29710;62;1;CO;100;;;DeGette, Diana;D000197;1957;;-0.432;-0.313;-16.12631;0.97964;784;7;;-0.392;-0.365
116;House;29109;1;3;CT;100;;;DeLauro, Rosa L.;D000216;1943;;-0.416;-0.118;-19.20557;0.97533;769;7;;-0.376;-0.05
116;House;31101;73;1;WA;100;;;DelBene, Suzan;D000617;1962;;-0.281;-0.229;-19.08392;0.97616;791;2;;-0.35;-0.192
116;House;21916;13;19;NY;100;;;Delgado, Antonio;D000630;1977;;-0.214;0.196;-58.6141;0.92884;794;18;;-0.214;0.196
116;House;21713;43;10;FL;100;;;Demings, Val;D000627;1957;;-0.338;-0.113;-23.94827;0.97014;790;11;;-0.312;0.085
116;House;21504;71;11;CA;100;;;DeSaulnier, Mark;D000623;1952;;-0.529;-0.361;-11.59438;0.98534;785;4;;-0.461;-0.532
116;House;21179;54;4;TN;200;;;DesJarlais, Scott;D000616;1964;;0.581;-0.082;-93.62484;0.8841;760;40;;0.553;0.063
116;House;20959;43;22;FL;100;;;Deutch, Ted;D000610;1966;;-0.4;-0.094;-19.6709;0.97471;768;7;;-0.394;0.058
116;House;20316;43;25;FL;200;;;Diaz-Balart, Mario;D000600;1961;;0.279;0.121;-130.97595;0.84506;778;50;;0.284;0.223
116;House;21529;23;12;MI;100;;;Dingell, Debbie;D000624;1953;;-0.408;-0.147;-20.89525;0.97336;774;9;;-0.39;-0.429
116;House;29571;49;35;TX;100;;;Doggett, Lloyd;D000399;1946;;-0.402;-0.314;-38.74435;0.95074;767;12;;-0.393;-0.469
116;House;29561;14;18;PA;100;;;Doyle, Michael;D000482;1953;;-0.33;0.112;-34.64683;0.95572;765;13;;-0.451;-0.357
116;Senate;21325;21;0;IL;100;;;DUCKWORTH, Tammy;D000622;1968;;-0.333;0.107;-87.32948;0.86328;594;35;;-0.366;0.192
116;House;21189;25;7;WI;200;;;DUFFY, Sean;D000614;1971;;0.511;-0.109;-100.93909;0.79459;439;46;;0.515;0.012
116;House;21174;48;3;SC;200;;;Duncan, Jeff;D000615;1966;;0.731;-0.184;-105.48906;0.87274;775;38;;0.713;-0.12
116;House;21714;43;2;FL;200;;;Dunn, Neal;D000628;1953;;0.534;0.22;-120.25237;0.8524;753;56;;0.547;0.172
116;Senate;15021;21;0;IL;100;;;Durbin, Richard;D000563;1944;;-0.348;-0.308;-132.21604;0.80369;605;70;;-0.285;-0.117
116;House;21531;33;6;MN;200;;;Emmer, Tom;E000294;1961;;0.458;-0.062;-135.86858;0.82694;715;54;;0.498;-0.013
116;House;15603;13;16;NY;100;;;Engel, Eliot;E000179;1947;;-0.408;-0.093;-23.49152;0.97048;784;9;;-0.45;-0.195
116;Senate;49706;68;0;WY;200;;;Enzi, Mike;E000285;1944;;0.545;0.198;-42.18004;0.93308;609;16;;0.589;0.405
116;Senate;41502;31;0;IA;200;;;ERNST, Joni;E000295;1970;;0.528;-0.053;-56.64191;0.91133;610;20;;0.549;-0.157
116;House;21917;49;16;TX;100;;;Escobar, Veronica;E000299;1969;;-0.381;-0.231;-22.09053;0.97225;785;9;;-0.381;-0.231
116;House;29312;71;18;CA;100;;;Eshoo, Anna G.;E000215;1942;;-0.381;-0.427;-13.01039;0.98329;772;6;;-0.393;-0.228
116;House;21715;13;13;NY;100;;;Espaillat, Adriano;E000297;1954;;-0.615;-0.142;-25.94599;0.96777;792;10;;-0.46;-0.565
116;House;21750;32;4;KS;200;;;Estes, Ron;E000298;1956;;0.605;0.088;-93.98603;0.88662;781;43;;0.621;0.082
116;House;21566;14;3;PA;100;;;Evans, Dwight;E000296;1954;;-0.457;-0.079;-12.26644;0.98438;779;2;;-0.504;-0.083
116;Senate;49300;71;0;CA;100;;;Feinstein, Dianne;F000062;1933;;-0.267;-0.182;-74.6662;0.88479;610;24;;-0.259;-0.053
116;House;21717;44;3;GA;200;;;Ferguson, Drew;F000465;1967;;0.624;0.129;-108.47022;0.87002;779;47;;0.662;0.142
116;House;21918;31;1;IA;100;;;Finkenauer, Abby;F000467;1988;;-0.223;0.5;-79.28618;0.90485;793;41;;-0.223;0.5
116;Senate;41302;35;0;NE;200;;;Fischer, Deb;F000463;1951;;0.471;0.343;-24.22091;0.96107;610;9;;0.482;0.479
116;House;21718;14;1;PA;200;;;Fitzpatrick, Brady;F000466;1973;;0.171;-0.178;-175.35237;0.79981;785;75;;0.148;-0.131
116;House;21178;54;3;TN;200;;;Fleischmann, Chuck;F000459;1962;;0.455;0.308;-93.93902;0.88842;794;44;;0.409;0.406
116;House;21919;49;7;TX;100;;;Fletcher, Lizzie;F000468;1975;;-0.446;0.843;-71.74237;0.91329;791;34;;-0.446;0.843
116;House;21182;49;17;TX;200;;;Flores, Bill;F000461;1954;;0.574;0.286;-104.73511;0.87252;768;38;;0.521;0.174
116;House;20518;35;1;NE;200;;;Fortenberry, Jeff;F000449;1960;;0.301;-0.061;-161.94083;0.81121;774;70;;0.31;-0.048
116;House;20749;21;11;IL;100;;;Foster, Bill;F000454;1955;;-0.228;-0.225;-25.99496;0.96726;781;5;;-0.414;0.104
116;House;20521;47;5;NC;200;;;Foxx, Virginia;F000450;1943;;0.63;0.129;-131.54634;0.84553;784;56;;0.562;0.042
116;House;21321;43;21;FL;100;;;Frankel, Lois;F000462;1948;;-0.399;-0.083;-22.51981;0.97061;755;10;;-0.343;-0.03
116;House;20941;24;11;OH;100;;;Fudge, Marcia L.;F000455;1952;;-0.582;0.14;-39.86903;0.94692;731;14;;-0.556;0.308
116;House;21920;63;1;ID;200;;;Fulcher, Russ;F000469;1973;;0.624;0.062;-91.60852;0.88972;784;40;;0.624;0.062
116;House;21324;82;2;HI;100;;;Gabbard, Tulsi;G000571;1981;;-0.278;-0.262;-22.64113;0.95649;509;8;;-0.291;-0.526
116;House;21719;43;1;FL;200;;;Gaetz, Matt;G000578;1982;;0.623;-0.578;-196.27535;0.75518;699;89;;0.594;-0.635
116;House;21720;25;8;WI;200;;;Gallagher, Mike;G000579;1984;;0.44;-0.044;-151.56525;0.81963;762;65;;0.397;-0.032
116;House;21502;61;7;AZ;100;;;Gallego, Ruben;G000574;1979;;-0.449;-0.013;-20.98747;0.97349;781;11;;-0.431;0.042
116;House;20958;71;3;CA;100;;;Garamendi, John;G000559;1945;;-0.309;-0.093;-31.15233;0.96085;780;8;;-0.301;-0.039
116;House;21921;21;4;IL;100;;;Garcia, Jesus “Chuy”;G000586;1956;;-0.45;-0.747;-24.28843;0.96969;789;9;;-0.45;-0.747
116;House;21988;71;25;CA;200;;;Garcia, Mike;G000061;1976;;0.433;0.458;-7.34912;0.93177;104;3;;0.431;0.451
116;House;21922;49;29;TX;100;;;Garcia, Sylvia;G000587;1950;;-0.734;0.558;-46.1981;0.94348;794;14;;-0.734;0.558
116;Senate;21112;62;0;CO;200;;;Gardner, Cory;G000562;1974;;0.444;-0.029;-48.2314;0.92301;602;21;;0.354;-0.012
116;House;21751;64;1;MT;200;;;Gianforte, Greg;G000584;1961;;0.434;0.074;-97.2112;0.87221;711;39;;0.44;0.08
116;House;21165;24;7;OH;200;;;Gibbs, Bob;G000563;1954;;0.472;0.322;-87.19578;0.89227;765;32;;0.501;0.515
116;Senate;20735;13;0;NY;100;;;Gillibrand, Kirsten;G000555;1966;;-0.475;-0.439;-81.69595;0.85305;514;47;;-0.698;-0.441
116;House;20527;49;1;TX;200;;;Gohmert, Louie;G000552;1953;;0.625;-0.333;-139.78058;0.82332;719;67;;0.707;-0.433
116;House;21923;2;2;ME;100;;;Golden, Jared;G000592;1982;;-0.127;0.382;-172.1006;0.80513;794;63;;-0.127;0.382
116;House;21754;71;34;CA;100;;;Gomez, Jimmy;G000585;1974;;-0.595;-0.087;-25.3863;0.96826;787;12;;-0.426;-0.497
116;House;21924;24;16;OH;200;;;Gonzalez, Anthony;G000588;1984;;0.286;0.242;-109.65823;0.86978;786;41;;0.289;0.241
116;House;21722;49;15;TX;100;;;Gonzalez, Vincente;G000581;1967;;-0.38;0.659;-78.36992;0.90165;757;35;;-0.529;0.849
116;House;21925;49;5;TX;200;;;Gooden, Lance;G000589;1982;;0.729;0.059;-81.56301;0.90035;777;30;;0.729;0.059
116;House;21103;61;4;AZ;200;;;Gosar, Paul A.;G000565;1958;;0.678;-0.42;-117.50024;0.85318;740;45;;0.919;-0.395
116;House;21723;12;5;NJ;100;;;Gottheimer, Josh;G000583;1975;;-0.141;0.213;-101.68854;0.87922;790;49;;-0.172;0.458
116;Senate;29566;48;0;SC;200;;;Graham, Lindsey;G000359;1955;;0.405;-0.17;-29.97597;0.95071;593;8;;0.322;-0.005
116;House;29762;49;12;TX;200;;;Granger, Kay;G000377;1943;;0.397;0.242;-104.91944;0.86281;711;47;;0.43;0.392
116;Senate;14226;31;0;IA;200;;;Grassley, Chuck;G000386;1933;;0.346;-0.065;-62.07126;0.90264;606;22;;0.495;0.011
116;House;21523;45;6;LA;200;;;Graves, Garret;G000577;1972;;0.463;-0.072;-128.3795;0.8486;782;55;;0.423;-0.032
116;House;20124;34;6;MO;200;;;Graves, Sam;G000546;1963;;0.443;0.174;-116.44716;0.86015;773;49;;0.52;0.365
116;House;20962;44;14;GA;200;;;Graves, Tom;G000560;1970;;0.716;-0.002;-113.96483;0.85361;720;41;;0.664;0.143
116;House;20529;49;9;TX;100;;;Green, Al;G000553;1947;;-0.438;0.31;-30.38416;0.96227;790;16;;-0.419;-0.062
116;House;21926;54;7;TN;200;;;Green, Mark;G000590;1964;;0.698;0.041;-80.03193;0.89078;692;36;;0.698;0.041
116;House;21191;40;9;VA;200;;;Griffith, Morgan;G000568;1958;;0.552;-0.438;-171.47677;0.79872;763;72;;0.569;-0.365
116;House;20305;61;3;AZ;100;;;Grijalva, Raul;G000551;1948;;-0.599;-0.256;-21.38609;0.972;753;8;;-0.583;-0.576
116;House;21559;25;6;WI;200;;;Grothman, Glenn;G000576;1955;;0.614;-0.286;-150.69493;0.82183;768;71;;0.614;-0.324
116;House;21927;46;3;MS;200;;;Guest, Michael;G000591;1970;;0.494;0.227;-88.72972;0.89261;781;37;;0.494;0.226
116;House;20916;51;2;KY;200;;;Guthrie, S. Brett;G000558;1964;;0.419;0.275;-67.11962;0.91815;786;26;;0.431;0.49
116;House;21928;66;1;NM;100;;;Haaland, Debra;H001080;1960;;-0.319;-0.245;-20.12095;0.97485;790;8;;-0.319;-0.245
116;House;21929;33;1;MN;200;;;Hagedorn, Jim;H001088;1962;;0.456;0.383;-73.58377;0.91063;786;35;;0.456;0.382
116;House;21930;71;10;CA;100;;;Harder, Josh;H001090;1986;;-0.387;0.764;-62.14584;0.92407;787;16;;-0.387;0.764
116;House;21139;52;1;MD;200;;;Harris, Andy;H001052;1957;;0.656;-0.378;-141.79689;0.83299;776;56;;0.76;-0.437
116;Senate;41701;71;0;CA;100;;;Harris, Kamala;H001075;1964;;-0.709;-0.13;-26.95593;0.91488;303;11;;-0.725;-0.236
116;House;21149;34;4;MO;200;;;Hartzler, Vicky;H001053;1960;;0.464;0.318;-113.03035;0.86462;777;39;;0.395;0.314
116;Senate;41702;4;0;NH;100;;;Hassan, Maggie;H001076;1958;;-0.238;-0.015;-66.94804;0.89702;616;21;;-0.222;0.034
116;House;29337;43;20;FL;100;;;Hastings, Alcee L.;H000324;1936;;-0.564;0.157;-14.36624;0.97653;605;4;;-0.547;0.217
116;Senate;41901;34;0;MO;200;;;Hawley, Josh;H001089;1979;;0.591;-0.258;-56.27704;0.91228;613;23;;0.591;-0.258
116;House;21931;1;5;CT;100;;;Hayes, Jahana;H001081;1973;;-0.37;-0.04;-20.54336;0.9734;762;7;;-0.37;-0.04
116;House;21369;73;10;WA;100;;;Heck, Denny;H001064;1952;;-0.312;-0.129;-18.93886;0.97604;781;6;;-0.311;-0.206
116;Senate;20930;66;0;NM;100;;;Heinrich, Martin;H001046;1971;;-0.326;-0.026;-118.60169;0.81873;593;55;;-0.391;-0.017
116;House;21760;53;1;OK;200;;;Hern, Kevin;H001082;1961;;0.681;0.045;-90.98754;0.89082;787;37;;0.692;0.051
116;House;21187;73;3;WA;200;;;Herrera Beutler, Jaime;H001056;1978;;0.357;-0.192;-131.40222;0.80984;623;65;;0.284;-0.068
116;House;21514;44;10;GA;200;;;Hice, Jody;H001071;1960;;0.791;-0.123;-80.56657;0.89802;749;37;;0.854;-0.081
116;House;20519;13;26;NY;100;;;Higgins, Brian;H001038;1959;;-0.347;-0.032;-18.00123;0.97733;785;7;;-0.383;-0.042
116;House;21724;45;3;LA;200;;;Higgins, Clay;H001077;1961;;0.574;-0.117;-130.1152;0.83446;719;56;;0.586;-0.192
116;House;21503;42;2;AR;200;;;Hill, French;H001072;1956;;0.455;0.227;-90.13933;0.89191;788;33;;0.424;0.333
116;House;21932;71;25;CA;100;;;Himes, Jim;H001087;1987;;-0.306;0.114;-20.26703;0.96104;510;8;;-0.305;0.113
116;House;20907;1;4;CT;100;;;HIMES, James A.;H001047;1966;;-0.242;-0.238;-41.64508;0.94814;782;16;;-0.319;0.125
116;Senate;20713;82;0;HI;100;;;Hirono, Mazie;H001042;1947;;-0.512;-0.084;-85.33639;0.86722;599;43;;-0.578;0.002
116;Senate;41107;36;0;ND;200;;;Hoeven, John;H001061;1957;;0.343;0.327;-23.75062;0.9615;605;9;;0.369;0.277
116;House;21349;47;2;NC;200;;;Holding, George;H001065;1968;;0.606;0.154;-79.77749;0.89141;694;32;;0.537;0.256
116;House;21725;22;9;IN;200;;;Hollingsworth, Trey;H001074;1983;;0.411;-0.237;-193.52748;0.77852;773;89;;0.392;-0.282
116;House;21933;53;5;OK;100;;;Horn, Kendra;H001083;1976;;-0.167;0.515;-118.38639;0.86116;792;50;;-0.167;0.515
116;House;21339;65;4;NV;100;;;Horsford, Steven;H001066;1973;;-0.348;0.089;-48.34361;0.94042;787;21;;-0.394;0.331
116;House;21934;14;6;PA;100;;;Houlahan, Chrissy;H001085;1967;;-0.311;0.547;-43.6977;0.94632;792;14;;-0.311;0.547
116;House;14873;52;5;MD;100;;;Hoyer, Steny H.;H000874;1939;;-0.38;0.117;-16.25399;0.97938;780;3;;-0.383;0.153
116;House;21346;47;8;NC;200;;;Hudson, Richard;H001067;1971;;0.58;0.101;-132.73158;0.83375;730;57;;0.477;0.107
116;House;21303;71;2;CA;100;;;Huffman, Jared;H001068;1964;;-0.427;-0.543;-23.91893;0.96934;768;7;;-0.418;-0.627
116;House;21142;23;2;MI;200;;;Huizenga, Bill;H001058;1969;;0.581;-0.082;-145.35613;0.82858;773;57;;0.498;-0.057
116;House;20963;71;50;CA;200;;;HUNTER, Duncan Duane;H001048;1976;;0.539;0.085;-124.54558;0.79736;550;57;;0.637;-0.1
116;House;21550;49;23;TX;200;;;Hurd, Will;H001073;1977;;0.288;0.225;-174.37118;0.79967;780;76;;0.216;0.282
116;Senate;41707;46;0;MS;200;;;Hyde-Smith, Cindy;H001079;1959;;0.372;0.336;-19.80823;0.96774;604;6;;0.361;0.387
116;Senate;15424;53;0;OK;200;;;Inhofe, Jim;I000024;1934;;0.555;0.045;-45.14591;0.92787;603;27;;0.622;-0.027
116;Senate;29909;44;0;GA;200;;;ISAKSON, Johnny;I000055;1944;;0.402;-0.011;-10.54373;0.96184;271;2;;0.336;0.153
116;House;29573;49;18;TX;100;;;Jackson Lee, Sheila;J000032;1950;;-0.46;0.128;-21.32921;0.97303;780;10;;-0.561;-0.072
116;House;21990;13;27;NY;200;;;JACOBS, Chris;J000020;1966;;0.347;-0.116;-11.80654;0.84876;72;6;;0.331;-0.114
116;House;21726;73;7;WA;100;;;Jayapal, Pramila;J000298;1965;;-0.697;-0.268;-37.32683;0.95368;787;12;;-0.495;-0.786
116;House;21343;13;8;NY;100;;;Jeffries, Hakeem;J000294;1970;;-0.488;-0.091;-16.23877;0.97942;781;5;;-0.492;-0.128
116;House;21162;24;6;OH;200;;;Johnson, Bill;J000292;1954;;0.431;0.284;-72.11749;0.91169;780;32;;0.43;0.413
116;House;21935;37;1;SD;200;;;Johnson, Dusty;J000301;1976;;0.477;0.084;-104.83348;0.87617;793;36;;0.477;0.084
116;House;39305;49;30;TX;100;;;Johnson, Eddie Bernice;J000126;1935;;-0.485;0.203;-22.25109;0.97166;774;9;;-0.404;0.005
116;House;20712;44;4;GA;100;;;Johnson, Henry C. “Hank” Jr.;J000288;1954;;-0.469;0.012;-36.01344;0.95522;786;10;;-0.462;-0.081
116;House;21727;45;4;LA;200;;;Johnson, Mike;J000299;1972;;0.559;-0.07;-109.75814;0.86128;735;43;;0.552;-0.007
116;Senate;41111;25;0;WI;200;;;Johnson, Ron;J000293;1955;;0.606;-0.273;-45.39669;0.92606;591;22;;0.611;0.003
116;Senate;41705;41;0;AL;100;;;Doug Jones;J000300;1954;;-0.087;0.198;-70.33361;0.88654;584;30;;-0.078;0.253
116;House;29546;47;3;NC;200;;;JONES, Walter Beaman, Jr.;J000255;1943;;0.244;-0.362;;;;;;;
116;House;20738;24;4;OH;200;;;Jordan, Jim;J000289;1964;;0.718;-0.219;-91.91627;0.88884;780;38;;0.766;-0.184
116;House;21353;24;14;OH;200;;;Joyce, David;J000295;1957;;0.265;0.268;-108.22453;0.87045;780;38;;0.288;0.241
116;House;21936;14;13;PA;200;;;Joyce, John;J000302;1957;;0.538;0.161;-74.57672;0.90559;752;30;;0.538;0.16
116;Senate;41305;40;0;VA;100;;;Kaine, Tim;K000384;1958;;-0.241;-0.054;-80.15502;0.87553;603;34;;-0.251;0.016
116;House;15029;24;9;OH;100;;;Kaptur, Marcy;K000009;1946;;-0.35;0.109;-24.31392;0.96904;773;7;;-0.434;0.277
116;House;21542;13;24;NY;200;;;Katko, John;K000386;1962;;0.2;-0.003;-151.15464;0.81986;761;61;;0.189;-0.002
116;House;21140;3;9;MA;100;;;Keating, William;K000375;1952;;-0.329;-0.132;-30.1702;0.96211;781;10;;-0.366;0.002
116;House;21985;14;12;PA;200;;;Keller, Fred;K000395;1965;;0.491;0.175;-65.28336;0.89508;589;26;;0.491;0.174
116;House;21167;14;16;PA;200;;;Kelly, Mike;K000376;1948;;0.351;0.441;-135.34731;0.83842;768;62;;0.459;0.131
116;House;21371;21;2;IL;100;;;Kelly, Robin;K000385;1956;;-0.46;-0.004;-22.82376;0.97156;791;10;;-0.445;0.025
116;House;21561;46;1;MS;200;;;Kelly, Trent;K000388;1966;;0.627;0.253;-79.03144;0.90341;778;34;;0.672;0.278
116;Senate;41703;45;0;LA;200;;;Kennedy, John;K000393;1951;;0.589;0.25;-65.36672;0.89727;603;26;;0.668;0.012
116;House;21335;3;4;MA;100;;;Kennedy III, Joseph P.;K000379;1980;;-0.422;-0.198;-19.89927;0.97487;782;7;;-0.434;-0.6
116;House;21728;71;17;CA;100;;;Khanna, Ro;K000389;1976;;-0.577;-0.257;-39.46245;0.95139;792;11;;-0.315;-0.638
116;House;21372;23;5;MI;100;;;Kildee, Daniel;K000380;1958;;-0.396;-0.218;-15.19739;0.98104;794;5;;-0.481;-0.311
116;House;21368;73;6;WA;100;;;Kilmer, Derek;K000381;1974;;-0.31;-0.011;-31.46235;0.96105;792;16;;-0.416;0.371
116;House;21937;12;3;NJ;100;;;Kim, Andy;K000394;1982;;-0.271;0.395;-51.87458;0.93676;794;17;;-0.271;0.395
116;House;29769;25;3;WI;100;;;Kind, Ron;K000188;1963;;-0.262;-0.08;-67.06015;0.91618;766;25;;-0.259;0.172
116;Senate;41300;2;0;ME;328;;;KING, Angus Stanley, Jr.;K000383;1944;;-0.158;-0.22;-72.74434;0.88861;616;28;;-0.173;-0.182
116;House;29375;13;2;NY;200;;;King, Pete;K000210;1944;;0.259;-0.031;-153.80743;0.82124;781;56;;0.253;0.004
116;House;20325;31;4;IA;200;;;KING, Steve;K000362;1949;;0.613;0.172;-189.95055;0.77388;741;87;;0.582;-0.183
116;House;21128;21;16;IL;200;;;Kinzinger, Adam;K000378;1978;;0.275;0.305;-135.35468;0.83305;741;59;;0.3;0.203
116;House;20902;61;2;AZ;100;;;Kirkpatrick, Ann;K000368;1950;;-0.164;-0.007;-46.6541;0.93526;697;19;;-0.369;0.4
116;Senate;40700;33;0;MN;100;;;Klobuchar, Amy;K000367;1960;;-0.282;-0.387;-132.39918;0.73707;434;68;;-0.474;-0.41
116;House;21730;21;8;IL;100;;;Krishnamoorthi, Raja;K000391;1973;;-0.316;-0.106;-32.87204;0.95929;791;13;;-0.358;0.148
116;House;21340;4;2;NH;100;;;Kuster, Ann;K000382;1956;;-0.255;-0.125;-27.63875;0.96527;782;7;;-0.331;0.089
116;House;21731;54;8;TN;200;;;Kustoff, David;K000392;1966;;0.529;0.287;-67.17545;0.91677;773;25;;0.513;0.606
116;House;21562;21;18;IL;200;;;LaHood,Darin;L000585;1968;;0.465;0.15;-90.34553;0.88778;759;33;;0.477;0.263
116;House;21302;71;1;CA;200;;;LaMalfa, Doug;L000578;1960;;0.53;0.089;-117.67355;0.85828;770;49;;0.502;0.097
116;House;21756;14;17;PA;100;;;Lamb, Conor;L000588;1984;;-0.123;0.19;-114.23987;0.8652;789;59;;-0.147;0.314
116;House;20704;62;5;CO;200;;;Lamborn, Doug;L000564;1954;;0.679;0.197;-71.55022;0.91126;770;32;;0.631;0.249
116;House;20136;5;2;RI;100;;;Langevin, Jim;L000559;1964;;-0.375;0.11;-33.31452;0.95871;790;8;;-0.29;0.011
116;Senate;21166;53;0;OK;200;;;Lankford, James;L000575;1968;;0.59;0.174;-32.3135;0.9489;616;13;;0.694;0.281
116;House;20145;73;2;WA;100;;;Larsen, Rick;L000560;1965;;-0.364;0.19;-39.06501;0.95169;789;10;;-0.374;0.118
116;House;29908;1;1;CT;100;;;Larson, John B.;L000557;1948;;-0.397;-0.051;-17.29002;0.97816;783;6;;-0.346;0.003
116;House;20755;24;5;OH;200;;;Latta, Robert E.;L000566;1956;;0.518;0.261;-61.71037;0.92513;793;16;;0.509;0.326
116;House;21530;23;14;MI;100;;;Lawrence, Brenda;L000581;1954;;-0.445;-0.027;-12.83204;0.98337;765;4;;-0.468;0.028
116;House;21732;43;5;FL;100;;;Lawson, Al;L000586;1948;;-0.255;0.077;-34.81312;0.95579;770;15;;-0.26;0.067
116;Senate;14307;6;0;VT;100;;;Leahy, Patrick;L000174;1940;;-0.36;-0.12;-113.97745;0.82567;595;65;;-0.277;-0.033
116;House;29778;71;13;CA;100;;;Lee, Barbara;L000551;1946;;-0.683;-0.588;-22.29288;0.972;785;8;;-0.548;-0.785
116;Senate;41110;67;0;UT;200;;;Lee, Mike;L000577;1971;;0.916;-0.401;-108.60089;0.83593;606;63;;0.904;-0.429
116;House;21938;65;3;NV;100;;;Lee, Susie;L000590;1966;;-0.307;0.434;-46.96797;0.94242;792;18;;-0.307;0.434
116;House;21757;61;8;AZ;200;;;Lesko, Debbie;L000589;1958;;0.606;-0.033;-102.004;0.87697;777;48;;0.594;0.002
116;House;21940;23;9;MI;100;;;Levin, Andy;L000592;1960;;-0.511;-0.567;-13.50464;0.98309;792;5;;-0.511;-0.567
116;House;21939;71;49;CA;100;;;Levin, Mike;L000593;1978;;-0.353;0.12;-20.49941;0.97451;794;7;;-0.353;0.12
116;House;15431;44;5;GA;100;;;Lewis, John;L000287;1940;;-0.589;-0.221;-11.00536;0.98252;624;5;;-0.449;-0.132
116;House;21507;71;33;CA;100;;;Lieu, Ted;L000582;1969;;-0.371;-0.263;-24.84826;0.96771;757;8;;-0.597;-0.183
116;House;20508;21;3;IL;100;;;Lipinski, Daniel;L000563;1966;;-0.228;0.175;-99.71475;0.87853;770;30;;-0.147;0.04
116;House;20720;31;2;IA;100;;;Loebsack, David;L000565;1952;;-0.276;-0.027;-28.70428;0.96382;779;8;;-0.299;0.211
116;Senate;41904;44;0;GA;200;;;Loeffler, Kelly;L000594;1970;;0.559;-0.21;-18.15813;0.92214;224;7;;0.559;-0.21
116;House;29504;71;19;CA;100;;;Lofgren, Zoe;L000397;1947;;-0.402;-0.446;-30.54258;0.96121;772;10;;-0.442;-0.495
116;House;21150;34;7;MO;200;;;Long, Billy;L000576;1955;;0.547;0.24;-115.07228;0.86316;782;45;;0.544;0.07
116;House;21515;44;11;GA;200;;;Loudermilk, Barry;L000583;1963;;0.69;-0.008;-78.61693;0.89246;691;29;;0.715;0.142
116;House;21313;71;47;CA;100;;;Lowenthal, Alan;L000579;1941;;-0.45;-0.374;-15.67593;0.9804;792;5;;-0.473;-0.568
116;House;15612;13;17;NY;100;;;Lowey, Nita;L000480;1937;;-0.389;-0.152;-16.78393;0.97858;775;6;;-0.392;0.056
116;House;29393;53;3;OK;200;;;Lucas, Frank;L000491;1960;;0.363;0.417;-62.45278;0.92;749;23;;0.338;0.615
116;House;20926;34;3;MO;200;;;Luetkemeyer, Blaine;L000569;1952;;0.438;0.26;-99.90015;0.88036;784;48;;0.389;0.451
116;House;20932;66;3;NM;100;;;Lujan, Ben R.;L000570;1972;;-0.367;0.013;-25.63581;0.96811;791;13;;-0.306;-0.242
116;House;21941;40;2;VA;100;;;Luria, Elaine;L000591;1975;;-0.175;0.376;-109.04331;0.87031;785;53;;-0.175;0.376
116;House;20119;3;8;MA;100;;;Lynch, Stephen F.;L000562;1955;;-0.35;0.037;-32.66796;0.95939;788;10;;-0.3;-0.036
116;House;21942;12;7;NJ;100;;;Malinowski, Tom;M001203;1965;;-0.258;0.093;-39.19574;0.95166;791;13;;-0.258;0.093
116;House;29379;13;12;NY;100;;;Maloney, Carolyn;M000087;1946;;-0.387;-0.28;-18.12973;0.97734;791;7;;-0.402;-0.425
116;House;21344;13;18;NY;100;;;Maloney, Sean Patrick;M001185;1966;;-0.238;0.122;-41.14491;0.94906;787;19;;-0.311;0.381
116;Senate;40915;56;0;WV;100;;;Manchin, Joe;M001183;1947;;-0.055;0.442;-60.66717;0.90489;607;16;;-0.045;0.38
116;House;20532;49;24;TX;200;;;Marchant, Kenny;M001158;1951;;0.6;0.153;-117.59193;0.83192;639;45;;0.593;0.021
116;House;21170;14;12;PA;200;;;MARINO, Thomas A.;M001179;1952;;0.352;0.477;-0.28897;0.98751;23;0;;0.0;0.0
116;Senate;14435;3;0;MA;100;;;Markey, Edward;M000133;1946;;-0.512;-0.453;-63.0711;0.89072;545;19;;-0.618;-0.746
116;House;21734;32;1;KS;200;;;Marshall, Roger;M001198;1960;;0.529;0.145;-114.4843;0.85947;756;56;;0.541;0.105
116;House;31102;51;4;KY;200;;;Massie, Thomas;M001184;1971;;0.68;-0.733;-236.00664;0.73572;769;101;;0.919;-0.395
116;House;21735;43;18;FL;200;;;Mast, Brian;M001199;1980;;0.416;-0.294;-203.0929;0.76523;759;87;;0.447;-0.347
116;House;20538;71;6;CA;100;;;Matsui, Doris O.;M001163;1944;;-0.434;-0.162;-27.98191;0.96507;787;9;;-0.42;0.079
116;House;21943;67;4;UT;100;;;McAdams, Ben;M001209;1974;;-0.067;0.289;-219.85963;0.7576;792;85;;-0.067;0.289
116;House;21944;44;6;GA;100;;;McBath, Lucy;M001208;1960;;-0.258;0.374;-52.36992;0.93602;792;19;;-0.258;0.374
116;House;20703;71;23;CA;200;;;McCarthy, Kevin;M001165;1965;;0.458;0.212;-93.14228;0.88744;780;41;;0.425;0.358
116;House;20530;49;10;TX;200;;;McCaul, Michael T.;M001157;1962;;0.433;0.087;-148.09397;0.82807;785;59;;0.328;0.252
116;House;20903;71;4;CA;200;;;McClintock, Tom;M001177;1956;;0.719;-0.474;-170.2376;0.80256;774;94;;0.644;-0.381
116;House;20122;33;4;MN;100;;;McCollum, Betty;M001143;1954;;-0.418;-0.189;-25.55637;0.96829;793;7;;-0.458;-0.084
116;Senate;14921;51;0;KY;200;;;McConnell, Mitch;M000355;1942;;0.402;0.004;-55.27365;0.91418;616;14;;0.309;0.164
116;House;21736;40;4;VA;100;;;McEacchin, Donald;M001200;1961;;-0.375;-0.084;-38.76212;0.94296;660;16;;-0.299;-0.042
116;House;29729;3;2;MA;100;;;McGovern, James;M000312;1959;;-0.539;-0.301;-14.36234;0.98198;790;5;;-0.466;-0.556
116;House;20522;47;10;NC;200;;;McHenry, Patrick T.;M001156;1975;;0.552;0.079;-154.44916;0.81186;741;60;;0.418;0.07
116;House;21188;56;1;WV;200;;;McKinley, David;M001180;1947;;0.3;0.191;-132.5903;0.84621;794;55;;0.32;0.355
116;House;20535;73;5;WA;200;;;McMorris Rodgers, Cathy;M001159;1969;;0.426;0.113;-119.85405;0.85603;771;52;;0.413;-0.038
116;House;20702;71;9;CA;100;;;McNerney, Jerry;M001166;1951;;-0.262;-0.153;-19.88289;0.97451;770;8;;-0.427;-0.179
116;Senate;21501;61;0;AZ;200;;;McSally, Martha;M001197;1966;;0.345;0.027;-35.62669;0.94281;605;13;;0.338;0.21
116;House;21348;47;11;NC;200;;;MEADOWS, Mark;M001187;1959;;0.605;-0.201;-132.76565;0.81396;645;60;;0.587;-0.209
116;House;29776;13;5;NY;100;;;Meeks, Gregory W.;M001137;1953;;-0.413;-0.075;-18.14511;0.97619;753;7;;-0.532;0.063
116;Senate;29373;12;0;NJ;100;;;Menendez, Robert;M000639;1954;;-0.366;-0.127;-117.16047;0.82577;612;50;;-0.379;-0.143
116;House;21342;13;6;NY;100;;;Meng, Grace;M001188;1975;;-0.377;-0.17;-54.35425;0.93269;780;23;;-0.282;-0.426
116;Senate;40908;72;0;OR;100;;;Merkley, Jeff;M001176;1956;;-0.443;-0.738;-72.62087;0.88794;611;25;;-0.409;-0.713
116;House;21945;14;9;PA;200;;;Meuser, Daniel;M001204;1964;;0.563;0.369;-90.58807;0.8875;759;39;;0.563;0.369
116;House;15433;52;7;MD;100;;;Mfume, Kweisi;M000687;1948;;-0.447;-0.438;-0.88836;0.99165;106;0;;-0.632;-0.082
116;House;21946;56;3;WV;200;;;Miller, Carol;M001205;1950;;0.468;0.327;-78.73959;0.90433;783;31;;0.468;0.326
116;House;21737;23;10;MI;200;;;Mitchell, Paul;M001201;1961;;0.422;0.311;-106.10228;0.86726;745;43;;0.421;0.286
116;House;21526;23;4;MI;200;;;Moolenaar, John;M001194;1961;;0.396;0.425;-73.42998;0.91145;792;29;;0.399;0.364
116;House;21557;56;2;WV;200;;;Mooney, Alex;M001195;1971;;0.579;-0.285;-158.94279;0.81775;790;69;;0.577;-0.266
116;House;20537;25;4;WI;100;;;Moore, Gwen;M001160;1951;;-0.528;-0.249;-29.70913;0.96272;782;13;;-0.42;-0.404
116;Senate;29722;32;0;KS;200;;;Moran, Jerry;M000934;1954;;0.415;0.206;-84.55734;0.85773;551;34;;0.458;-0.303
116;House;21761;13;25;NY;100;;;Morelle, Joseph;M001206;1957;;-0.335;0.108;-24.34961;0.96887;770;6;;-0.318;0.08
116;House;21525;3;6;MA;100;;;Moulton, Seth;M001196;1978;;-0.286;-0.062;-71.44232;0.90389;707;27;;-0.229;0.18
116;House;21947;43;26;FL;100;;;Mucarsel-Powell, Debbie;M001207;1971;;-0.344;0.33;-34.08625;0.95772;789;20;;-0.344;0.33
116;House;21355;53;2;OK;200;;;Mullin, Markwayne;M001190;1977;;0.514;0.363;-98.77113;0.86101;660;41;;0.54;0.163
116;Senate;40300;81;0;AK;200;;;Murkowski, Lisa;M001153;1957;;0.211;-0.292;-44.88194;0.92441;571;10;;0.284;-0.453
116;Senate;20707;1;0;CT;100;;;Murphy, Chris;M001169;1973;;-0.27;-0.195;-148.92784;0.784;612;65;;-0.159;-0.339
116;House;21987;47;3;NC;200;;;Murphy, Greg;M001210;1963;;0.582;0.02;-41.55909;0.87529;312;18;;0.582;0.019
116;House;21738;43;7;FL;100;;;Murphy, Stephanie;M001202;1978;;-0.157;0.081;-86.35014;0.89658;791;33;;-0.175;0.241
116;Senate;49308;73;0;WA;100;;;Murray, Patty;M001111;1950;;-0.352;-0.313;-84.05859;0.86487;579;33;;-0.401;-0.279
116;House;29377;13;10;NY;100;;;Nadler, Jerrold;N000002;1947;;-0.509;-0.507;-16.31486;0.97909;772;6;;-0.53;-0.384
116;House;29903;71;32;CA;100;;;Napolitano, Grace;N000179;1936;;-0.448;-0.249;-17.77881;0.97763;786;9;;-0.478;-0.27
116;House;15616;3;1;MA;100;;;Neal, Richard E.;N000015;1949;;-0.417;-0.11;-10.99229;0.98604;782;3;;-0.431;-0.095
116;House;21948;62;2;CO;100;;;Neguse, Joe;N000191;1984;;-0.456;-0.482;-13.97036;0.98252;792;4;;-0.456;-0.482
116;House;21556;73;4;WA;200;;;Newhouse, Dan;N000189;1955;;0.349;0.233;-99.14943;0.87962;773;43;;0.329;0.281
116;House;21536;12;1;NJ;100;;;Norcross, Donald;N000188;1958;;-0.426;0.325;-28.16529;0.96476;785;7;;-0.394;-0.019
116;House;21753;48;5;SC;200;;;Norman, Ralph;N000190;1953;;0.789;-0.202;-85.38833;0.8949;769;42;;0.821;-0.175
116;House;20307;71;22;CA;200;;;Nunes, Devin;N000181;1973;;0.449;0.215;-77.4285;0.90596;784;29;;0.457;0.4
116;House;21949;13;14;NY;100;;;Ocasio-Cortez, Alexandria;O000172;1989;;-0.222;-0.975;-63.10429;0.92304;788;26;;-0.222;-0.975
116;House;21739;61;1;AZ;100;;;O'Halleran, Tom;O000171;1946;;-0.188;0.147;-44.29775;0.94493;782;15;;-0.333;0.402
116;House;20948;49;22;TX;200;;;Olson, Pete;O000168;1962;;0.549;0.309;-90.21881;0.88751;756;37;;0.59;0.318
116;House;21950;33;5;MN;100;;;Omar, Ilhan;O000173;1981;;-0.281;-0.96;-52.48835;0.93335;761;24;;-0.281;-0.96
116;House;21148;46;4;MS;200;;;Palazzo, Steven;P000601;1970;;0.524;0.528;-88.7758;0.88752;744;43;;0.614;0.438
116;House;15454;12;6;NJ;100;;;Pallone Jr., Frank;P000034;1951;;-0.404;-0.164;-16.24305;0.97975;794;6;;-0.417;-0.412
116;House;21500;41;6;AL;200;;;Palmer, Gary;P000609;1954;;0.711;-0.04;-98.97585;0.88054;778;41;;0.668;0.072
116;House;21740;71;20;CA;100;;;Panetta, Jimmy;P000613;1969;;-0.305;0.048;-37.48938;0.95388;794;15;;-0.305;0.234
116;House;21951;4;1;NH;100;;;Pappas, Chris;P000614;1980;;-0.358;0.432;-44.20896;0.94578;793;21;;-0.358;0.432
116;House;29741;12;9;NJ;100;;;Pascrell Jr., Bill;P000096;1937;;-0.367;-0.005;-23.14405;0.97102;787;6;;-0.351;-0.197
116;Senate;41104;51;0;KY;200;;;Paul, Rand;P000603;1963;;0.878;-0.479;-153.34539;0.76194;564;80;;0.879;-0.476
116;House;31103;12;10;NJ;100;;;Payne Jr., Donald;P000604;1958;;-0.516;-0.098;-27.4609;0.96313;731;8;;-0.512;-0.033
116;House;15448;71;12;CA;100;;;Pelosi, Nancy;P000197;1940;;-0.49;-0.206;-0.604;0.99061;64;0;;-0.427;0.184
116;House;21952;22;6;IN;200;;;Pence, Greg;P000615;1956;;0.447;0.493;-85.43526;0.89625;780;38;;0.447;0.493
116;Senate;41501;44;0;GA;200;;;Perdue, David;P000612;1949;;0.562;-0.078;-37.95378;0.93602;574;20;;0.476;0.148
116;House;20705;62;7;CO;100;;;Perlmutter, Ed;P000593;1953;;-0.282;0.076;-28.94122;0.96234;754;10;;-0.299;-0.042
116;House;21356;14;10;PA;200;;;Perry, Scott;P000605;1962;;0.624;-0.343;-143.96731;0.83047;775;75;;0.578;-0.292
116;Senate;20923;23;0;MI;100;;;Peters, Gary;P000595;1958;;-0.245;-0.188;-102.31751;0.84673;615;47;;-0.296;-0.017
116;House;21315;71;52;CA;100;;;Peters, Scott;P000608;1958;;-0.18;-0.046;-60.75997;0.9245;774;24;;-0.225;0.173
116;House;29127;33;7;MN;100;;;Peterson, Collin C.;P000258;1944;;-0.148;0.712;-220.70888;0.753;778;109;;-0.154;0.746
116;House;21953;33;3;MN;100;;;Phillips, Dean;P000616;1969;;-0.233;0.067;-49.23744;0.93987;794;15;;-0.233;0.066
116;House;20920;2;1;ME;100;;;Pingree, Chellie;P000597;1955;;-0.421;-0.401;-17.11617;0.97838;783;8;;-0.422;-0.353
116;House;21370;25;2;WI;100;;;Pocan, Mark;P000607;1964;;-0.541;-0.539;-29.39111;0.96307;781;9;;-0.462;-0.858
116;House;21954;71;45;CA;100;;;Porter, Katie;P000618;1974;;-0.177;0.008;-98.33328;0.8817;781;41;;-0.177;0.008
116;Senate;29386;24;0;OH;200;;;Portman, Rob;P000449;1955;;0.373;-0.236;-28.86829;0.95407;614;8;;0.313;0.099
116;House;20909;43;8;FL;200;;;Posey, Bill;P000599;1947;;0.518;-0.319;-178.40964;0.79508;778;85;;0.531;-0.328
116;House;21955;3;7;MA;100;;;Pressley, Ayanna;P000617;1974;;-0.295;-0.955;-40.05708;0.95019;784;19;;-0.295;-0.955
116;House;15438;47;4;NC;100;;;Price, David;P000523;1940;;-0.343;-0.03;-16.43999;0.9794;790;6;;-0.378;-0.129
116;House;20954;21;5;IL;100;;;Quigley, Mike;Q000023;1958;;-0.321;-0.281;-19.10076;0.97575;778;6;;-0.386;-0.096
116;House;21741;52;8;MD;100;;;Raskin, Jamie;R000606;1962;;-0.547;-0.251;-14.99763;0.98119;790;5;;-0.465;-0.556
116;House;21549;49;4;TX;200;;;RATCLIFFE, John;R000601;1965;;0.693;0.113;-74.52081;0.88536;612;34;;0.654;0.116
116;Senate;29142;5;0;RI;100;;;Reed, Jack;R000122;1949;;-0.369;-0.172;-105.32804;0.84236;614;57;;-0.324;-0.059
116;House;21101;13;23;NY;200;;;Reed, Tom;R000585;1971;;0.278;0.112;-156.09194;0.81715;773;66;;0.235;0.202
116;House;21956;14;14;PA;200;;;Reschenthaler, Guy;R000610;1983;;0.35;0.435;-91.5691;0.88705;764;34;;0.357;0.444
116;House;21540;13;4;NY;100;;;Rice, Kathleen;R000602;1965;;-0.285;0.027;-54.69128;0.93118;767;25;;-0.272;0.227
116;House;21359;48;7;SC;200;;;Rice, Tom;R000597;1957;;0.602;-0.28;-157.18931;0.81642;775;79;;0.631;-0.322
116;House;21137;45;2;LA;100;;;Richard Shelby;R000588;1973;;-0.486;0.332;-40.41531;0.94685;740;15;;-0.663;0.465
116;House;21957;40;5;VA;200;;;Riggleman, Denver;R000611;1970;;0.485;-0.039;-114.4313;0.85849;750;39;;0.485;-0.039
116;Senate;40902;63;0;ID;200;;;Risch, Jim;R000584;1943;;0.628;0.565;-26.60075;0.95705;606;15;;0.577;0.627
116;Senate;14852;32;0;KS;200;;;Roberts, Pat;R000307;1936;;0.413;-0.09;-22.82029;0.96181;586;2;;0.336;0.208
116;House;21192;41;2;AL;200;;;Roby, Martha;R000591;1976;;0.362;0.658;-88.39725;0.88262;708;30;;0.345;0.672
116;House;20947;54;1;TN;200;;;Roe, Phil;R000582;1945;;0.486;0.022;-90.18898;0.88934;769;37;;0.459;0.127
116;House;14854;51;5;KY;200;;;Rogers, Harold;R000395;1937;;0.337;0.11;-88.13396;0.89342;782;28;;0.337;0.586
116;House;20301;41;3;AL;200;;;Rogers, Mike;R000575;1958;;0.355;0.459;-168.23332;0.79931;751;70;;0.52;0.369
116;Senate;41902;67;0;UT;200;;;Romney, Mitt;R000615;1947;;0.388;0.715;-72.85635;0.88759;611;26;;0.387;0.716
116;House;21742;43;19;FL;200;;;Rooney, Francis;R000607;1953;;0.507;-0.513;-258.94208;0.6118;527;131;;0.492;-0.657
116;House;21959;54;6;TN;200;;;Rose, John W.;R000612;1965;;0.67;0.078;-106.58884;0.87088;771;47;;0.67;0.078
116;House;21958;13;11;NY;100;;;Rose, Max;R000613;1986;;-0.174;0.263;-113.66081;0.8652;785;43;;-0.174;0.263
116;Senate;21743;65;0;NV;100;;;Rosen, Jacky;R000608;1957;;-0.282;0.291;-60.36952;0.90607;612;19;;-0.315;0.339
116;House;21960;71;48;CA;100;;;Rouda, Harley;R000616;1961;;-0.335;0.558;-42.23527;0.94709;777;11;;-0.335;0.558
116;Senate;41505;37;0;SD;200;;;Rounds, Mike;R000605;1954;;0.408;0.123;-37.28738;0.93502;555;20;;0.438;0.384
116;House;21544;47;7;NC;200;;;Rouzer, David;R000603;1972;;0.574;0.151;-107.75194;0.87159;784;46;;0.548;0.117
116;House;21961;49;21;TX;200;;;Roy, Chip;R000614;1972;;0.8;-0.6;-138.43427;0.83661;776;54;;0.919;-0.395
116;House;29317;71;40;CA;100;;;Roybal-Allard, Lucille;R000486;1941;;-0.47;-0.186;-15.19798;0.98065;778;6;;-0.398;-0.118
116;Senate;41102;43;0;FL;200;;;Rubio, Marco;R000595;1971;;0.568;-0.271;-46.40832;0.92423;589;18;;0.521;-0.12
116;House;21311;71;36;CA;100;;;Ruiz, Raul;R000599;1972;;-0.243;0.06;-42.63874;0.94772;794;18;;-0.392;0.218
116;House;20329;52;2;MD;100;;;Ruppersberger, C. A. Dutch;R000576;1946;;-0.295;0.133;-24.04072;0.96973;782;6;;-0.292;0.01
116;House;29346;21;1;IL;100;;;Rush, Bobby L.;R000515;1946;;-0.478;-0.203;-23.10394;0.97006;760;6;;-0.481;-0.17
116;House;21744;43;4;FL;200;;;Rutherford, John;R000609;1952;;0.396;0.166;-162.80739;0.80808;764;64;;0.425;0.007
116;House;20343;24;13;OH;100;;;Ryan, Tim;R000577;1973;;-0.403;0.213;-19.61462;0.96986;641;9;;-0.361;0.029
116;House;20310;71;38;CA;100;;;Sánchez, Linda;S001156;1969;;-0.508;-0.137;-12.68861;0.98366;770;5;;-0.526;-0.043
116;Senate;29147;6;0;VT;328;;;Sanders, Bernie;S000033;1941;;-0.527;-0.379;-35.66478;0.87089;258;14;;-0.806;-0.302
116;House;20724;52;3;MD;100;;;Sarbanes, John P.;S001168;1962;;-0.468;-0.074;-15.97444;0.98001;791;6;;-0.415;-0.092
116;Senate;41503;35;0;NE;200;;;Sasse, Ben;S001197;1972;;0.789;-0.192;-35.5682;0.94197;595;14;;0.716;-0.008
116;House;20759;45;1;LA;200;;;Scalise, Steve;S001176;1965;;0.563;0.154;-75.91749;0.90771;784;34;;0.58;0.386
116;House;21762;14;5;PA;100;;;Scanlon, Mary-Gay;S001205;1959;;-0.487;0.037;-14.96077;0.98126;791;5;;-0.537;0.121
116;House;29911;21;9;IL;100;;;Schakowsky, Jan;S001145;1944;;-0.606;-0.269;-13.8009;0.98255;784;4;;-0.498;-0.487
116;Senate;41112;82;0;HI;100;;;Schatz, Brian;S001194;1972;;-0.448;-0.106;-92.27113;0.85545;591;40;;-0.476;-0.095
116;House;20104;71;28;CA;100;;;Schiff, Adam;S001150;1960;;-0.349;-0.128;-14.57239;0.98177;792;4;;-0.427;-0.01
116;House;21326;21;10;IL;100;;;Schneider, Bradley;S001190;1961;;-0.174;-0.199;-35.82877;0.95561;789;9;;-0.293;0.017
116;House;20944;72;5;OR;100;;;Schrader, Kurt;S001180;1951;;-0.188;0.06;-114.78844;0.8625;776;51;;-0.137;0.089
116;House;21962;73;8;WA;100;;;Schrier, Kim;S001216;1968;;-0.347;0.446;-37.10496;0.95423;792;18;;-0.347;0.446
116;Senate;14858;13;0;NY;100;;;Schumer, Chuck;S000148;1950;;-0.359;-0.407;-101.64363;0.84789;616;42;;-0.413;-0.409
116;House;21105;61;6;AZ;200;;;Schweikert, David;S001183;1962;;0.589;-0.321;-197.40747;0.77938;792;92;;0.517;-0.295
116;House;21123;44;8;GA;200;;;Scott, Austin;S001189;1969;;0.569;0.193;-93.76962;0.88686;781;33;;0.563;0.328
116;House;20321;44;13;GA;100;;;Scott, David;S001157;1945;;-0.302;0.164;-23.38266;0.97069;786;5;;-0.361;0.12
116;Senate;41903;43;0;FL;200;;;Scott, Rick;S001217;1952;;0.54;0.076;-48.8335;0.92056;590;23;;0.54;0.076
116;House;39307;40;3;VA;100;;;Scott, Robert C.;S000185;1947;;-0.45;0.015;-38.52886;0.95258;793;14;;-0.38;0.122
116;Senate;21173;48;0;SC;200;;;Scott, Tim;S001184;1965;;0.637;-0.005;-41.23911;0.93463;610;19;;0.561;0.077
116;House;14657;25;5;WI;200;;;Sensenbrenner, F. James;S000244;1943;;0.638;-0.58;-162.1753;0.78586;673;82;;0.572;-0.267
116;House;29134;13;15;NY;100;;;Serrano, José E.;S000248;1943;;-0.491;-0.377;-11.46073;0.98378;701;4;;-0.435;-0.299
116;House;21102;41;7;AL;100;;;Sewell, Terri A.;S001185;1965;;-0.391;0.402;-28.35717;0.96393;772;11;;-0.431;0.386
116;Senate;40906;4;0;NH;100;;;Shaheen, Jeanne;S001181;1947;;-0.238;-0.135;-74.25018;0.88522;609;30;;-0.213;-0.013
116;House;21963;43;27;FL;100;;;Shalala, Donna E.;S001206;1941;;-0.351;0.015;-16.87804;0.97889;791;6;;-0.351;0.014
116;Senate;94659;41;0;AL;200;;;Shelby Richard;S000320;1934;;0.429;0.519;-43.05097;0.93197;611;22;;0.439;0.212
116;House;29707;71;30;CA;100;;;Sherman, Brad;S000344;1954;;-0.342;-0.148;-20.65146;0.97384;779;11;;-0.455;0.065
116;House;21964;12;11;NJ;100;;;Sherrill, Mikie;S001207;1972;;-0.182;0.236;-69.26676;0.91605;790;29;;-0.182;0.236
116;House;29718;21;15;IL;200;;;Shimkus, John;S000364;1958;;0.375;0.153;-96.30489;0.8795;750;45;;0.4;0.294
116;House;29910;63;2;ID;200;;;Simpson, Mike;S001148;1950;;0.297;0.285;-177.12528;0.79138;757;68;;0.33;0.279
116;Senate;21300;61;0;AZ;100;;;Sinema, Kyrsten;S001191;1976;;-0.102;0.06;-75.01528;0.874;557;21;;-0.067;0.195
116;House;20542;12;8;NJ;100;;;Sires, Albio;S001165;1951;;-0.405;0.094;-14.06807;0.98187;769;4;;-0.423;0.108
116;House;21965;23;8;MI;100;;;Slotkin, Elissa;S001208;1976;;-0.311;0.804;-99.00855;0.88263;793;39;;-0.311;0.804
116;House;29768;73;9;WA;100;;;Smith, Adam;S000510;1965;;-0.284;-0.161;-17.69515;0.97754;779;8;;-0.355;-0.234
116;House;20729;35;3;NE;200;;;Smith, Adrian;S001172;1970;;0.517;0.19;-97.7682;0.88346;789;44;;0.563;0.284
116;House;14863;12;4;NJ;200;;;Smith, Chris;S000522;1953;;0.164;-0.168;-205.83782;0.76219;758;84;;0.203;-0.134
116;House;21373;34;8;MO;200;;;Smith, Jason;S001195;1980;;0.598;0.198;-87.90304;0.89507;793;42;;0.575;0.199
116;Senate;41706;33;0;MN;100;;;Smith, Tina;S001203;1958;;-0.394;-0.062;-80.2556;0.87672;610;37;;-0.412;-0.034
116;House;21745;14;11;PA;200;;;Smucker, Lloyd;S001199;1964;;0.427;0.268;-72.0453;0.90794;746;31;;0.445;0.214
116;House;21746;43;9;FL;100;;;Soto, Darren;S001200;1978;;-0.38;0.124;-18.5854;0.97654;783;7;;-0.362;0.002
116;House;21966;40;7;VA;100;;;Spanberger, Abigail;S001209;1979;;-0.163;0.425;-105.60137;0.87517;792;38;;-0.163;0.425
116;House;21967;43;15;FL;200;;;Spano, Ross;S001210;1966;;0.461;0.005;-108.89893;0.86923;777;37;;0.461;0.004
116;House;20762;71;14;CA;100;;;Speier, Jackie;S001175;1950;;-0.38;-0.444;-40.81579;0.94751;757;9;;-0.311;-0.249
116;Senate;29732;23;0;MI;100;;;Stabenow, Debbie;S000770;1950;;-0.342;-0.015;-113.09521;0.82449;586;58;;-0.395;-0.113
116;House;21968;61;9;AZ;100;;;Stanton, Greg;S001211;1970;;-0.311;-0.051;-19.95504;0.97512;792;8;;-0.311;-0.051
116;House;21969;33;8;MN;200;;;Stauber, Pete;S001212;1966;;0.281;0.183;-131.32585;0.84595;785;58;;0.286;0.175
116;House;21541;13;21;NY;200;;;Stefanik, Elise;S001196;1984;;0.224;-0.001;-154.68073;0.82258;792;63;;0.23;-0.021
116;House;21970;25;1;WI;200;;;Steil, Bryan;S001213;1981;;0.416;-0.049;-129.56189;0.84768;784;58;;0.419;-0.051
116;House;21971;43;17;FL;200;;;Steube, W. Gregory;S001214;1978;;0.659;-0.334;-126.90525;0.84823;771;56;;0.658;-0.335
116;House;21972;23;11;MI;100;;;Stevens, Haley;S001215;1983;;-0.337;0.363;-40.0117;0.9508;793;16;;-0.337;0.363
116;House;21367;67;2;UT;200;;;Stewart, Chris;S001192;1960;;0.527;0.159;-85.36739;0.89621;779;38;;0.533;0.302
116;House;21163;24;15;OH;200;;;Stivers, Steve;S001187;1965;;0.299;0.272;-122.89717;0.8483;747;52;;0.298;0.279
116;Senate;41500;81;0;AK;200;;;Sullivan, Dan;S001198;1964;;0.485;0.038;-52.5551;0.91573;597;23;;0.514;-0.056
116;House;21747;13;3;NY;100;;;Suozzi, Tom;S001201;1962;;-0.212;0.085;-54.67618;0.93264;784;22;;-0.291;0.281
116;House;21306;71;15;CA;100;;;Swalwell, Eric;S001193;1980;;-0.368;-0.105;-21.28235;0.96566;609;7;;-0.523;0.266
116;House;21312;71;41;CA;100;;;Takano, Mark;T000472;1960;;-0.463;-0.262;-16.81715;0.97864;779;6;;-0.399;-0.366
116;House;21973;49;3;TX;200;;;Taylor, Van;T000479;1972;;0.551;-0.103;-134.62621;0.84332;790;64;;0.55;-0.104
116;Senate;40702;64;0;MT;100;;;Tester, Jon;T000464;1956;;-0.217;0.139;-75.03631;0.88133;594;28;;-0.244;0.128
116;House;29368;46;2;MS;100;;;Thompson, Bennie G.;T000193;1948;;-0.516;0.399;-24.21884;0.96904;770;10;;-0.557;0.226
116;House;20946;14;15;PA;200;;;Thompson, Glenn;T000467;1959;;0.313;0.39;-88.58286;0.89173;773;27;;0.33;0.404
116;House;29901;71;5;CA;100;;;Thompson, Mike;T000460;1951;;-0.395;0.065;-37.07664;0.9534;777;18;;-0.443;0.416
116;House;29572;49;13;TX;200;;;Thornberry, Mac;T000238;1958;;0.525;0.311;-105.7768;0.87102;766;48;;0.503;0.305
116;Senate;29754;37;0;SD;200;;;Thune, John;T000250;1961;;0.411;0.138;-25.47376;0.95936;614;12;;0.394;0.281
116;House;21989;25;7;WI;200;;;Tiffany, Thomas;T000165;1957;;0.644;-0.172;-9.7653;0.90328;96;4;;0.642;-0.177
116;Senate;41504;47;0;NC;200;;;Tillis, Thom;T000476;1960;;0.426;0.062;-35.90521;0.94007;581;16;;0.427;0.195
116;House;21974;48;4;SC;200;;;Timmons, William;T000480;1984;;0.594;0.183;-78.37138;0.89007;673;31;;0.594;0.183
116;House;21111;62;3;CO;200;;;Tipton, Scott;T000470;1956;;0.449;-0.02;-119.93843;0.85931;791;47;;0.437;0.027
116;House;20927;65;1;NV;100;;;Titus, Dina;T000468;1950;;-0.302;-0.216;-20.12435;0.97427;772;8;;-0.369;-0.294
116;House;21975;23;13;MI;100;;;Tlaib, Rashida;T000481;1976;;-0.26;-0.966;-43.26283;0.94658;788;19;;-0.26;-0.966
116;House;20934;13;20;NY;100;;;Tonko, Paul D.;T000469;1949;;-0.42;-0.265;-18.53648;0.97643;777;10;;-0.354;-0.438
116;Senate;29935;14;0;PA;200;;;Toomey, Patrick;T000461;1961;;0.647;-0.287;-56.17619;0.90918;590;22;;0.715;-0.136
116;House;21976;66;2;NM;100;;;Torres Small, Xochiti;T000484;1984;;-0.164;0.314;-98.35507;0.88294;790;41;;-0.164;0.314
116;House;21508;71;35;CA;100;;;Torres, Norma;T000474;1965;;-0.361;0.032;-32.61304;0.9592;783;12;;-0.395;0.071
116;House;21977;3;3;MA;100;;;Trahan, Lori;T000482;1973;;-0.473;-0.187;-18.77729;0.97663;794;6;;-0.473;-0.188
116;House;21978;52;6;MD;100;;;Trone, David;T000483;1955;;-0.266;-0.046;-28.83188;0.96367;779;5;;-0.266;-0.046
116;House;20342;24;10;OH;200;;;Turner, Michael;T000463;1960;;0.271;0.208;-107.03988;0.87208;782;33;;0.304;0.265
116;Senate;29924;66;0;NM;100;;;Udall, Tom;U000039;1948;;-0.453;0.162;-81.06955;0.8744;604;36;;-0.435;0.043
116;House;21979;21;14;IL;100;;;Underwood, Lauren;U000040;1986;;-0.556;0.647;-45.24317;0.9442;788;15;;-0.556;0.647
116;House;15446;23;6;MI;200;;;Upton, Fred;U000031;1953;;0.333;-0.382;-193.30485;0.7827;789;94;;0.241;-0.054
116;House;21980;12;2;NJ;100;;;Van Drew, Jefferson;V000133;1953;;-0.147;0.644;-89.13305;0.85956;589;37;;-0.147;0.643
116;Senate;20330;52;0;MD;100;;;Van Hollen, Chris;V000128;1959;;-0.391;-0.205;-98.76491;0.85164;615;38;;-0.38;-0.322
116;House;21314;71;51;CA;100;;;Vargas, Juan;V000130;1961;;-0.4;0.099;-31.60754;0.96009;776;11;;-0.546;-0.195
116;House;21365;49;33;TX;100;;;Veasey, Marc;V000131;1971;;-0.403;0.285;-31.38628;0.96086;786;10;;-0.338;0.085
116;House;21366;49;34;TX;100;;;Vela, Filemon;V000132;1963;;-0.313;0.413;-88.95624;0.89325;788;35;;-0.426;0.458
116;House;29378;13;7;NY;100;;;Velázquez, Nydia M.;V000081;1953;;-0.547;-0.339;-13.06259;0.98337;779;4;;-0.458;-0.596
116;House;15124;22;1;IN;100;;;Visclosky, Peter;V000108;1949;;-0.402;0.244;-25.15405;0.96858;788;5;;-0.455;0.212
116;House;21337;34;2;MO;200;;;Wagner, Ann;W000812;1962;;0.441;0.137;-135.95857;0.83947;777;57;;0.394;0.116
116;House;20725;23;7;MI;200;;;Walberg, Tim;W000798;1951;;0.517;0.071;-98.73944;0.88152;783;37;;0.466;0.219
116;House;29932;72;2;OR;200;;;Walden, Greg;W000791;1957;;0.334;-0.013;-128.05847;0.8493;784;52;;0.276;0.198
116;House;21543;47;6;NC;200;;;Walker, Mark;W000819;1969;;0.64;0.017;-80.28695;0.89061;693;33;;0.67;0.141
116;House;21330;22;2;IN;200;;;Walorski, Jackie;W000813;1963;;0.426;0.315;-81.68416;0.89898;767;35;;0.39;0.358
116;House;21981;43;6;FL;200;;;Waltz, Michael;W000823;1974;;0.409;-0.142;-138.38821;0.83068;746;66;;0.409;-0.142
116;Senate;40909;40;0;VA;100;;;Warner, Mark;W000805;1954;;-0.201;-0.027;-66.48557;0.89494;599;23;;-0.223;0.003
116;Senate;41301;3;0;MA;100;;;Warren, Elizabeth;W000817;1949;;-0.77;-0.286;-13.01851;0.96515;367;4;;-0.797;-0.377
116;House;20504;43;23;FL;100;;;Wasserman Schultz, Debbie;W000797;1966;;-0.421;0.07;-26.65709;0.9661;773;7;;-0.356;0.104
116;House;29106;71;43;CA;100;;;Waters, Maxine;W000187;1938;;-0.653;-0.073;-54.21731;0.93335;786;18;;-0.594;0.371
116;House;21982;32;2;KS;200;;;Watkins, Steve;W000824;1976;;0.551;0.073;-108.84993;0.87083;787;49;;0.551;0.073
116;House;21538;12;12;NJ;100;;;Watson Coleman, Bonnie;W000822;1945;;-0.626;-0.137;-45.87489;0.94358;790;18;;-0.447;-0.165
116;House;21360;49;14;TX;200;;;Weber, Randy;W000814;1953;;0.71;0.037;-101.31027;0.87412;753;43;;0.726;-0.009
116;House;21116;43;11;FL;200;;;Webster, Daniel;W000806;1949;;0.506;-0.047;-160.0531;0.80667;745;83;;0.559;-0.17
116;House;20750;6;1;VT;100;;;Welch, Peter;W000800;1947;;-0.409;-0.351;-19.56084;0.97492;770;8;;-0.516;-0.318
116;House;21351;24;2;OH;200;;;Wenstrup, Brad;W000815;1958;;0.551;0.19;-89.47425;0.89043;771;32;;0.508;0.259
116;House;21563;42;4;AR;200;;;Westerman, Bruce;W000821;1967;;0.55;0.353;-71.5501;0.91235;780;29;;0.551;0.461
116;House;21983;40;10;VA;100;;;Wexton, Jennifer;W000825;1968;;-0.414;0.494;-28.49748;0.96466;792;16;;-0.414;0.494
116;Senate;40704;5;0;RI;100;;;Whitehouse, Sheldon;W000802;1955;;-0.358;-0.106;-104.32979;0.8322;568;44;;-0.297;-0.04
116;Senate;29534;46;0;MS;200;;;Wicker, Roger;W000437;1951;;0.376;0.348;-27.70927;0.95594;615;8;;0.363;0.196
116;House;21763;14;7;PA;100;;;Wild, Susan;W000826;1957;;-0.381;0.665;-66.25015;0.91936;788;27;;-0.365;0.64
116;House;21364;49;25;TX;200;;;Williams, Roger;W000816;1949;;0.587;0.102;-102.85087;0.87557;774;43;;0.566;0.083
116;House;20138;48;2;SC;200;;;Wilson, Joe;W000795;1947;;0.538;0.107;-111.70364;0.86398;764;51;;0.493;0.125
116;House;21118;43;24;FL;100;;;Wilson, Frederica;W000808;1942;;-0.476;-0.015;-12.11962;0.98324;717;4;;-0.542;0.023
116;House;20756;40;1;VA;200;;;Wittman, Robert J.;W000804;1959;;0.445;-0.019;-128.72308;0.84947;789;56;;0.526;0.143
116;House;21108;42;3;AR;200;;;Womack, Steve;W000809;1957;;0.357;0.586;-66.64063;0.9195;794;23;;0.383;0.614
116;House;21122;44;7;GA;200;;;Woodall, Robert;W000810;1970;;0.596;-0.185;-136.32205;0.8404;784;58;;0.505;0.084
116;House;21984;49;6;TX;200;;;Wright, Ron;W000827;1953;;0.709;-0.095;-67.0956;0.89632;613;24;;0.709;-0.095
116;Senate;14871;72;0;OR;100;;;Wyden, Ron;W000779;1949;;-0.329;-0.471;-118.29255;0.82267;606;61;;-0.376;-0.61
116;House;20723;51;3;KY;100;;;Yarmuth, John A.;Y000062;1947;;-0.379;-0.272;-19.82453;0.97509;786;6;;-0.443;-0.174
116;House;21317;43;3;FL;200;;;Yoho, Ted;Y000065;1955;;0.705;-0.365;-127.01135;0.83683;713;55;;0.718;-0.335
116;House;14066;81;1;AK;200;;;Young, Don;Y000033;1933;;0.284;0.022;-216.84125;0.75007;754;81;;0.33;0.113
116;Senate;21133;22;0;IN;200;;;Young, Todd;Y000064;1972;;0.474;-0.028;-70.30104;0.88995;603;33;;0.465;-0.351
116;House;21539;13;1;NY;200;;;Zeldin, Lee;Z000017;1980;;0.388;-0.131;-165.57085;0.80919;782;74;;0.421;-0.159
